<?xml version="1.0" encoding="UTF-8" ?>
<!DOCTYPE configuration
        PUBLIC "-//mybatis.org//DTD Config 3.0//EN"
        "http://mybatis.org/dtd/mybatis-3-config.dtd">
<configuration>
    <!--查看SQL-->
    <settings>
        <setting name="logImpl" value="STDOUT_LOGGING"/>
    </settings>
    <!--配置数据源，交给Spring去做-->
    <typeAliases>
        <package name="com.pojo"/>
    </typeAliases>
    <mappers>
        <!-- <mapper class="com.dao.BookMapper"/> 也可以-->
        <mapper resource="com/dao/BookMapper.xml"/>
        <mapper resource="com/dao/RandomImageMapper.xml"/>
    </mappers>
</configuration>